borough,major_cat,minor_cat,201807
Barking and Dagenham,Burglary,Burglary - Business and Community,30
Barking and Dagenham,Burglary,Burglary - Residential,92
Barking and Dagenham,Criminal Damage,Arson,6
Barking and Dagenham,Criminal Damage,Criminal Damage To M/V,69
Barking and Dagenham,Criminal Damage,Criminal Damage To Other Bldg,7
Barking and Dagenham,Criminal Damage,Criminal Damage To a Dwelling,21
Barking and Dagenham,Criminal Damage,Other Criminal Damage,40
Barking and Dagenham,Drugs,Drug Trafficking,5
Barking and Dagenham,Drugs,Other Drug Offences,0
Barking and Dagenham,Drugs,Possession Of Drugs,71
Barking and Dagenham,Fraud or Forgery,Other Fraud & Forgery,1
Barking and Dagenham,Other Notifiable Offences,Going Equipped,1
Barking and Dagenham,Other Notifiable Offences,Other Notifiable,42
Barking and Dagenham,Robbery,Business Property,3
Barking and Dagenham,Robbery,Personal Property,79
Barking and Dagenham,Sexual Offences,Other Sexual,27
Barking and Dagenham,Sexual Offences,Rape,16
Barking and Dagenham,Theft and Handling,Handling Stolen Goods,1
Barking and Dagenham,Theft and Handling,M/V Interference & Tampering,10
Barking and Dagenham,Theft and Handling,Other Theft,175
Barking and Dagenham,Theft and Handling,Theft From M/V,63
Barking and Dagenham,Theft and Handling,Theft From Shops,64
Barking and Dagenham,Theft and Handling,Theft Person,52
Barking and Dagenham,Theft and Handling,Theft/Taking of M/V,87
Barking and Dagenham,Theft and Handling,Theft/Taking of Pedal Cycles,24
Barking and Dagenham,Violence Against the Person,Assault with Injury,141
Barking and Dagenham,Violence Against the Person,Common Assault,156
Barking and Dagenham,Violence Against the Person,Harassment,203
Barking and Dagenham,Violence Against the Person,Murder,0
Barking and Dagenham,Violence Against the Person,Offensive Weapon,11
Barking and Dagenham,Violence Against the Person,Other Violence,36
Barking and Dagenham,Violence Against the Person,Wounding/GBH,72
Barnet,Burglary,Burglary - Business and Community,74
Barnet,Burglary,Burglary - Residential,204
Barnet,Criminal Damage,Arson,6
Barnet,Criminal Damage,Criminal Damage To M/V,58
Barnet,Criminal Damage,Criminal Damage To Other Bldg,15
Barnet,Criminal Damage,Criminal Damage To a Dwelling,35
Barnet,Criminal Damage,Other Criminal Damage,48
Barnet,Drugs,Drug Trafficking,5
Barnet,Drugs,Other Drug Offences,0
Barnet,Drugs,Possession Of Drugs,44
Barnet,Fraud or Forgery,Other Fraud & Forgery,5
Barnet,Other Notifiable Offences,Going Equipped,1
Barnet,Other Notifiable Offences,Other Notifiable,67
Barnet,Robbery,Business Property,2
Barnet,Robbery,Personal Property,45
Barnet,Sexual Offences,Other Sexual,27
Barnet,Sexual Offences,Rape,29
Barnet,Theft and Handling,Handling Stolen Goods,4
Barnet,Theft and Handling,M/V Interference & Tampering,41
Barnet,Theft and Handling,Other Theft,337
Barnet,Theft and Handling,Theft From M/V,222
Barnet,Theft and Handling,Theft From Shops,116
Barnet,Theft and Handling,Theft Person,54
Barnet,Theft and Handling,Theft/Taking of M/V,107
Barnet,Theft and Handling,Theft/Taking of Pedal Cycles,14
Barnet,Violence Against the Person,Assault with Injury,167
Barnet,Violence Against the Person,Common Assault,199
Barnet,Violence Against the Person,Harassment,334
Barnet,Violence Against the Person,Murder,0
Barnet,Violence Against the Person,Offensive Weapon,13
Barnet,Violence Against the Person,Other Violence,40
Barnet,Violence Against the Person,Wounding/GBH,47
Bexley,Burglary,Burglary - Business and Community,15
Bexley,Burglary,Burglary - Residential,65
Bexley,Criminal Damage,Arson,7
Bexley,Criminal Damage,Criminal Damage To M/V,49
Bexley,Criminal Damage,Criminal Damage To Other Bldg,10
Bexley,Criminal Damage,Criminal Damage To a Dwelling,22
Bexley,Criminal Damage,Other Criminal Damage,41
Bexley,Drugs,Drug Trafficking,2
Bexley,Drugs,Other Drug Offences,0
Bexley,Drugs,Possession Of Drugs,42
Bexley,Fraud or Forgery,Other Fraud & Forgery,1
Bexley,Other Notifiable Offences,Going Equipped,1
Bexley,Other Notifiable Offences,Other Notifiable,36
Bexley,Robbery,Business Property,6
Bexley,Robbery,Personal Property,18
Bexley,Sexual Offences,Other Sexual,12
Bexley,Sexual Offences,Rape,21
Bexley,Theft and Handling,Handling Stolen Goods,2
Bexley,Theft and Handling,M/V Interference & Tampering,25
Bexley,Theft and Handling,Other Theft,104
Bexley,Theft and Handling,Theft From M/V,115
Bexley,Theft and Handling,Theft From Shops,76
Bexley,Theft and Handling,Theft Person,9
Bexley,Theft and Handling,Theft/Taking of M/V,83
Bexley,Theft and Handling,Theft/Taking of Pedal Cycles,17
Bexley,Violence Against the Person,Assault with Injury,99
Bexley,Violence Against the Person,Common Assault,116
Bexley,Violence Against the Person,Harassment,158
Bexley,Violence Against the Person,Murder,0
Bexley,Violence Against the Person,Offensive Weapon,2
Bexley,Violence Against the Person,Other Violence,31
Bexley,Violence Against the Person,Wounding/GBH,42
Brent,Burglary,Burglary - Business and Community,85
Brent,Burglary,Burglary - Residential,198
Brent,Criminal Damage,Arson,4
Brent,Criminal Damage,Criminal Damage To M/V,76
Brent,Criminal Damage,Criminal Damage To Other Bldg,22
Brent,Criminal Damage,Criminal Damage To a Dwelling,42
Brent,Criminal Damage,Other Criminal Damage,43
Brent,Drugs,Drug Trafficking,12
Brent,Drugs,Other Drug Offences,1
Brent,Drugs,Possession Of Drugs,146
Brent,Fraud or Forgery,Other Fraud & Forgery,2
Brent,Other Notifiable Offences,Going Equipped,1
Brent,Other Notifiable Offences,Other Notifiable,72
Brent,Robbery,Business Property,14
Brent,Robbery,Personal Property,108
Brent,Sexual Offences,Other Sexual,36
Brent,Sexual Offences,Rape,36
Brent,Theft and Handling,Handling Stolen Goods,1
Brent,Theft and Handling,M/V Interference & Tampering,28
Brent,Theft and Handling,Other Theft,325
Brent,Theft and Handling,Theft From M/V,164
Brent,Theft and Handling,Theft From Shops,125
Brent,Theft and Handling,Theft Person,81
Brent,Theft and Handling,Theft/Taking of M/V,118
Brent,Theft and Handling,Theft/Taking of Pedal Cycles,34
Brent,Violence Against the Person,Assault with Injury,176
Brent,Violence Against the Person,Common Assault,306
Brent,Violence Against the Person,Harassment,320
Brent,Violence Against the Person,Murder,0
Brent,Violence Against the Person,Offensive Weapon,20
Brent,Violence Against the Person,Other Violence,38
Brent,Violence Against the Person,Wounding/GBH,95
Bromley,Burglary,Burglary - Business and Community,27
Bromley,Burglary,Burglary - Residential,107
Bromley,Criminal Damage,Arson,9
Bromley,Criminal Damage,Criminal Damage To M/V,69
Bromley,Criminal Damage,Criminal Damage To Other Bldg,17
Bromley,Criminal Damage,Criminal Damage To a Dwelling,45
Bromley,Criminal Damage,Other Criminal Damage,58
Bromley,Drugs,Drug Trafficking,0
Bromley,Drugs,Other Drug Offences,0
Bromley,Drugs,Possession Of Drugs,41
Bromley,Fraud or Forgery,Other Fraud & Forgery,2
Bromley,Other Notifiable Offences,Going Equipped,1
Bromley,Other Notifiable Offences,Other Notifiable,45
Bromley,Robbery,Business Property,3
Bromley,Robbery,Personal Property,24
Bromley,Sexual Offences,Other Sexual,39
Bromley,Sexual Offences,Rape,21
Bromley,Theft and Handling,Handling Stolen Goods,0
Bromley,Theft and Handling,M/V Interference & Tampering,30
Bromley,Theft and Handling,Other Theft,238
Bromley,Theft and Handling,Theft From M/V,149
Bromley,Theft and Handling,Theft From Shops,181
Bromley,Theft and Handling,Theft Person,29
Bromley,Theft and Handling,Theft/Taking of M/V,61
Bromley,Theft and Handling,Theft/Taking of Pedal Cycles,19
Bromley,Violence Against the Person,Assault with Injury,134
Bromley,Violence Against the Person,Common Assault,192
Bromley,Violence Against the Person,Harassment,290
Bromley,Violence Against the Person,Murder,0
Bromley,Violence Against the Person,Offensive Weapon,11
Bromley,Violence Against the Person,Other Violence,28
Bromley,Violence Against the Person,Wounding/GBH,64
Camden,Burglary,Burglary - Business and Community,147
Camden,Burglary,Burglary - Residential,157
Camden,Criminal Damage,Arson,6
Camden,Criminal Damage,Criminal Damage To M/V,50
Camden,Criminal Damage,Criminal Damage To Other Bldg,21
Camden,Criminal Damage,Criminal Damage To a Dwelling,26
Camden,Criminal Damage,Other Criminal Damage,41
Camden,Drugs,Drug Trafficking,4
Camden,Drugs,Other Drug Offences,1
Camden,Drugs,Possession Of Drugs,77
Camden,Fraud or Forgery,Other Fraud & Forgery,3
Camden,Other Notifiable Offences,Going Equipped,2
Camden,Other Notifiable Offences,Other Notifiable,54
Camden,Robbery,Business Property,4
Camden,Robbery,Personal Property,152
Camden,Sexual Offences,Other Sexual,38
Camden,Sexual Offences,Rape,29
Camden,Theft and Handling,Handling Stolen Goods,2
Camden,Theft and Handling,M/V Interference & Tampering,27
Camden,Theft and Handling,Other Theft,559
Camden,Theft and Handling,Theft From M/V,175
Camden,Theft and Handling,Theft From Shops,141
Camden,Theft and Handling,Theft Person,339
Camden,Theft and Handling,Theft/Taking of M/V,69
Camden,Theft and Handling,Theft/Taking of Pedal Cycles,132
Camden,Violence Against the Person,Assault with Injury,155
Camden,Violence Against the Person,Common Assault,258
Camden,Violence Against the Person,Harassment,303
Camden,Violence Against the Person,Murder,0
Camden,Violence Against the Person,Offensive Weapon,17
Camden,Violence Against the Person,Other Violence,30
Camden,Violence Against the Person,Wounding/GBH,81
Croydon,Burglary,Burglary - Business and Community,36
Croydon,Burglary,Burglary - Residential,185
Croydon,Criminal Damage,Arson,13
Croydon,Criminal Damage,Criminal Damage To M/V,84
Croydon,Criminal Damage,Criminal Damage To Other Bldg,15
Croydon,Criminal Damage,Criminal Damage To a Dwelling,62
Croydon,Criminal Damage,Other Criminal Damage,61
Croydon,Drugs,Drug Trafficking,6
Croydon,Drugs,Other Drug Offences,1
Croydon,Drugs,Possession Of Drugs,83
Croydon,Fraud or Forgery,Other Fraud & Forgery,0
Croydon,Other Notifiable Offences,Going Equipped,0
Croydon,Other Notifiable Offences,Other Notifiable,50
Croydon,Robbery,Business Property,9
Croydon,Robbery,Personal Property,98
Croydon,Sexual Offences,Other Sexual,48
Croydon,Sexual Offences,Rape,46
Croydon,Theft and Handling,Handling Stolen Goods,1
Croydon,Theft and Handling,M/V Interference & Tampering,41
Croydon,Theft and Handling,Other Theft,358
Croydon,Theft and Handling,Theft From M/V,219
Croydon,Theft and Handling,Theft From Shops,114
Croydon,Theft and Handling,Theft Person,52
Croydon,Theft and Handling,Theft/Taking of M/V,85
Croydon,Theft and Handling,Theft/Taking of Pedal Cycles,27
Croydon,Violence Against the Person,Assault with Injury,219
Croydon,Violence Against the Person,Common Assault,278
Croydon,Violence Against the Person,Harassment,333
Croydon,Violence Against the Person,Murder,0
Croydon,Violence Against the Person,Offensive Weapon,23
Croydon,Violence Against the Person,Other Violence,34
Croydon,Violence Against the Person,Wounding/GBH,92
Ealing,Burglary,Burglary - Business and Community,37
Ealing,Burglary,Burglary - Residential,153
Ealing,Criminal Damage,Arson,11
Ealing,Criminal Damage,Criminal Damage To M/V,84
Ealing,Criminal Damage,Criminal Damage To Other Bldg,14
Ealing,Criminal Damage,Criminal Damage To a Dwelling,43
Ealing,Criminal Damage,Other Criminal Damage,53
Ealing,Drugs,Drug Trafficking,5
Ealing,Drugs,Other Drug Offences,1
Ealing,Drugs,Possession Of Drugs,58
Ealing,Fraud or Forgery,Other Fraud & Forgery,4
Ealing,Other Notifiable Offences,Going Equipped,0
Ealing,Other Notifiable Offences,Other Notifiable,67
Ealing,Robbery,Business Property,3
Ealing,Robbery,Personal Property,81
Ealing,Sexual Offences,Other Sexual,30
Ealing,Sexual Offences,Rape,33
Ealing,Theft and Handling,Handling Stolen Goods,0
Ealing,Theft and Handling,M/V Interference & Tampering,30
Ealing,Theft and Handling,Other Theft,314
Ealing,Theft and Handling,Theft From M/V,171
Ealing,Theft and Handling,Theft From Shops,102
Ealing,Theft and Handling,Theft Person,75
Ealing,Theft and Handling,Theft/Taking of M/V,78
Ealing,Theft and Handling,Theft/Taking of Pedal Cycles,78
Ealing,Violence Against the Person,Assault with Injury,178
Ealing,Violence Against the Person,Common Assault,302
Ealing,Violence Against the Person,Harassment,321
Ealing,Violence Against the Person,Murder,0
Ealing,Violence Against the Person,Offensive Weapon,12
Ealing,Violence Against the Person,Other Violence,51
Ealing,Violence Against the Person,Wounding/GBH,94
Enfield,Burglary,Burglary - Business and Community,33
Enfield,Burglary,Burglary - Residential,163
Enfield,Criminal Damage,Arson,10
Enfield,Criminal Damage,Criminal Damage To M/V,64
Enfield,Criminal Damage,Criminal Damage To Other Bldg,16
Enfield,Criminal Damage,Criminal Damage To a Dwelling,49
Enfield,Criminal Damage,Other Criminal Damage,50
Enfield,Drugs,Drug Trafficking,5
Enfield,Drugs,Other Drug Offences,0
Enfield,Drugs,Possession Of Drugs,45
Enfield,Fraud or Forgery,Other Fraud & Forgery,2
Enfield,Other Notifiable Offences,Going Equipped,1
Enfield,Other Notifiable Offences,Other Notifiable,59
Enfield,Robbery,Business Property,6
Enfield,Robbery,Personal Property,84
Enfield,Sexual Offences,Other Sexual,31
Enfield,Sexual Offences,Rape,18
Enfield,Theft and Handling,Handling Stolen Goods,1
Enfield,Theft and Handling,M/V Interference & Tampering,60
Enfield,Theft and Handling,Other Theft,265
Enfield,Theft and Handling,Theft From M/V,311
Enfield,Theft and Handling,Theft From Shops,98
Enfield,Theft and Handling,Theft Person,74
Enfield,Theft and Handling,Theft/Taking of M/V,116
Enfield,Theft and Handling,Theft/Taking of Pedal Cycles,29
Enfield,Violence Against the Person,Assault with Injury,126
Enfield,Violence Against the Person,Common Assault,216
Enfield,Violence Against the Person,Harassment,285
Enfield,Violence Against the Person,Murder,0
Enfield,Violence Against the Person,Offensive Weapon,13
Enfield,Violence Against the Person,Other Violence,59
Enfield,Violence Against the Person,Wounding/GBH,72
Greenwich,Burglary,Burglary - Business and Community,51
Greenwich,Burglary,Burglary - Residential,114
Greenwich,Criminal Damage,Arson,3
Greenwich,Criminal Damage,Criminal Damage To M/V,67
Greenwich,Criminal Damage,Criminal Damage To Other Bldg,13
Greenwich,Criminal Damage,Criminal Damage To a Dwelling,46
Greenwich,Criminal Damage,Other Criminal Damage,49
Greenwich,Drugs,Drug Trafficking,6
Greenwich,Drugs,Other Drug Offences,0
Greenwich,Drugs,Possession Of Drugs,52
Greenwich,Fraud or Forgery,Other Fraud & Forgery,5
Greenwich,Other Notifiable Offences,Going Equipped,1
Greenwich,Other Notifiable Offences,Other Notifiable,60
Greenwich,Robbery,Business Property,6
Greenwich,Robbery,Personal Property,58
Greenwich,Sexual Offences,Other Sexual,35
Greenwich,Sexual Offences,Rape,27
Greenwich,Theft and Handling,Handling Stolen Goods,2
Greenwich,Theft and Handling,M/V Interference & Tampering,35
Greenwich,Theft and Handling,Other Theft,226
Greenwich,Theft and Handling,Theft From M/V,147
Greenwich,Theft and Handling,Theft From Shops,111
Greenwich,Theft and Handling,Theft Person,55
Greenwich,Theft and Handling,Theft/Taking of M/V,116
Greenwich,Theft and Handling,Theft/Taking of Pedal Cycles,34
Greenwich,Violence Against the Person,Assault with Injury,178
Greenwich,Violence Against the Person,Common Assault,267
Greenwich,Violence Against the Person,Harassment,344
Greenwich,Violence Against the Person,Murder,1
Greenwich,Violence Against the Person,Offensive Weapon,16
Greenwich,Violence Against the Person,Other Violence,38
Greenwich,Violence Against the Person,Wounding/GBH,87
Hackney,Burglary,Burglary - Business and Community,77
Hackney,Burglary,Burglary - Residential,211
Hackney,Criminal Damage,Arson,5
Hackney,Criminal Damage,Criminal Damage To M/V,70
Hackney,Criminal Damage,Criminal Damage To Other Bldg,16
Hackney,Criminal Damage,Criminal Damage To a Dwelling,31
Hackney,Criminal Damage,Other Criminal Damage,50
Hackney,Drugs,Drug Trafficking,8
Hackney,Drugs,Other Drug Offences,0
Hackney,Drugs,Possession Of Drugs,69
Hackney,Fraud or Forgery,Other Fraud & Forgery,4
Hackney,Other Notifiable Offences,Going Equipped,0
Hackney,Other Notifiable Offences,Other Notifiable,50
Hackney,Robbery,Business Property,9
Hackney,Robbery,Personal Property,135
Hackney,Sexual Offences,Other Sexual,37
Hackney,Sexual Offences,Rape,37
Hackney,Theft and Handling,Handling Stolen Goods,1
Hackney,Theft and Handling,M/V Interference & Tampering,50
Hackney,Theft and Handling,Other Theft,329
Hackney,Theft and Handling,Theft From M/V,228
Hackney,Theft and Handling,Theft From Shops,78
Hackney,Theft and Handling,Theft Person,144
Hackney,Theft and Handling,Theft/Taking of M/V,82
Hackney,Theft and Handling,Theft/Taking of Pedal Cycles,176
Hackney,Violence Against the Person,Assault with Injury,166
Hackney,Violence Against the Person,Common Assault,239
Hackney,Violence Against the Person,Harassment,299
Hackney,Violence Against the Person,Murder,0
Hackney,Violence Against the Person,Offensive Weapon,15
Hackney,Violence Against the Person,Other Violence,45
Hackney,Violence Against the Person,Wounding/GBH,74
Hammersmith and Fulham,Burglary,Burglary - Business and Community,45
Hammersmith and Fulham,Burglary,Burglary - Residential,120
Hammersmith and Fulham,Criminal Damage,Arson,1
Hammersmith and Fulham,Criminal Damage,Criminal Damage To M/V,29
Hammersmith and Fulham,Criminal Damage,Criminal Damage To Other Bldg,15
Hammersmith and Fulham,Criminal Damage,Criminal Damage To a Dwelling,30
Hammersmith and Fulham,Criminal Damage,Other Criminal Damage,36
Hammersmith and Fulham,Drugs,Drug Trafficking,0
Hammersmith and Fulham,Drugs,Other Drug Offences,0
Hammersmith and Fulham,Drugs,Possession Of Drugs,65
Hammersmith and Fulham,Fraud or Forgery,Other Fraud & Forgery,3
Hammersmith and Fulham,Other Notifiable Offences,Going Equipped,2
Hammersmith and Fulham,Other Notifiable Offences,Other Notifiable,43
Hammersmith and Fulham,Robbery,Business Property,5
Hammersmith and Fulham,Robbery,Personal Property,91
Hammersmith and Fulham,Sexual Offences,Other Sexual,29
Hammersmith and Fulham,Sexual Offences,Rape,14
Hammersmith and Fulham,Theft and Handling,Handling Stolen Goods,2
Hammersmith and Fulham,Theft and Handling,M/V Interference & Tampering,32
Hammersmith and Fulham,Theft and Handling,Other Theft,289
Hammersmith and Fulham,Theft and Handling,Theft From M/V,157
Hammersmith and Fulham,Theft and Handling,Theft From Shops,105
Hammersmith and Fulham,Theft and Handling,Theft Person,73
Hammersmith and Fulham,Theft and Handling,Theft/Taking of M/V,54
Hammersmith and Fulham,Theft and Handling,Theft/Taking of Pedal Cycles,138
Hammersmith and Fulham,Violence Against the Person,Assault with Injury,115
Hammersmith and Fulham,Violence Against the Person,Common Assault,189
Hammersmith and Fulham,Violence Against the Person,Harassment,213
Hammersmith and Fulham,Violence Against the Person,Murder,0
Hammersmith and Fulham,Violence Against the Person,Offensive Weapon,13
Hammersmith and Fulham,Violence Against the Person,Other Violence,30
Hammersmith and Fulham,Violence Against the Person,Wounding/GBH,56
Haringey,Burglary,Burglary - Business and Community,72
Haringey,Burglary,Burglary - Residential,190
Haringey,Criminal Damage,Arson,13
Haringey,Criminal Damage,Criminal Damage To M/V,49
Haringey,Criminal Damage,Criminal Damage To Other Bldg,17
Haringey,Criminal Damage,Criminal Damage To a Dwelling,44
Haringey,Criminal Damage,Other Criminal Damage,51
Haringey,Drugs,Drug Trafficking,4
Haringey,Drugs,Other Drug Offences,1
Haringey,Drugs,Possession Of Drugs,69
Haringey,Fraud or Forgery,Other Fraud & Forgery,3
Haringey,Other Notifiable Offences,Going Equipped,1
Haringey,Other Notifiable Offences,Other Notifiable,53
Haringey,Robbery,Business Property,7
Haringey,Robbery,Personal Property,156
Haringey,Sexual Offences,Other Sexual,57
Haringey,Sexual Offences,Rape,42
Haringey,Theft and Handling,Handling Stolen Goods,3
Haringey,Theft and Handling,M/V Interference & Tampering,46
Haringey,Theft and Handling,Other Theft,326
Haringey,Theft and Handling,Theft From M/V,265
Haringey,Theft and Handling,Theft From Shops,100
Haringey,Theft and Handling,Theft Person,182
Haringey,Theft and Handling,Theft/Taking of M/V,118
Haringey,Theft and Handling,Theft/Taking of Pedal Cycles,52
Haringey,Violence Against the Person,Assault with Injury,190
Haringey,Violence Against the Person,Common Assault,256
Haringey,Violence Against the Person,Harassment,311
Haringey,Violence Against the Person,Murder,0
Haringey,Violence Against the Person,Offensive Weapon,28
Haringey,Violence Against the Person,Other Violence,43
Haringey,Violence Against the Person,Wounding/GBH,105
Harrow,Burglary,Burglary - Business and Community,50
Harrow,Burglary,Burglary - Residential,104
Harrow,Criminal Damage,Arson,6
Harrow,Criminal Damage,Criminal Damage To M/V,43
Harrow,Criminal Damage,Criminal Damage To Other Bldg,12
Harrow,Criminal Damage,Criminal Damage To a Dwelling,24
Harrow,Criminal Damage,Other Criminal Damage,31
Harrow,Drugs,Drug Trafficking,2
Harrow,Drugs,Other Drug Offences,1
Harrow,Drugs,Possession Of Drugs,34
Harrow,Fraud or Forgery,Other Fraud & Forgery,4
Harrow,Other Notifiable Offences,Going Equipped,0
Harrow,Other Notifiable Offences,Other Notifiable,38
Harrow,Robbery,Business Property,1
Harrow,Robbery,Personal Property,38
Harrow,Sexual Offences,Other Sexual,24
Harrow,Sexual Offences,Rape,14
Harrow,Theft and Handling,Handling Stolen Goods,2
Harrow,Theft and Handling,M/V Interference & Tampering,28
Harrow,Theft and Handling,Other Theft,135
Harrow,Theft and Handling,Theft From M/V,104
Harrow,Theft and Handling,Theft From Shops,66
Harrow,Theft and Handling,Theft Person,38
Harrow,Theft and Handling,Theft/Taking of M/V,36
Harrow,Theft and Handling,Theft/Taking of Pedal Cycles,18
Harrow,Violence Against the Person,Assault with Injury,86
Harrow,Violence Against the Person,Common Assault,131
Harrow,Violence Against the Person,Harassment,210
Harrow,Violence Against the Person,Murder,0
Harrow,Violence Against the Person,Offensive Weapon,4
Harrow,Violence Against the Person,Other Violence,30
Harrow,Violence Against the Person,Wounding/GBH,59
Havering,Burglary,Burglary - Business and Community,53
Havering,Burglary,Burglary - Residential,86
Havering,Criminal Damage,Arson,5
Havering,Criminal Damage,Criminal Damage To M/V,54
Havering,Criminal Damage,Criminal Damage To Other Bldg,12
Havering,Criminal Damage,Criminal Damage To a Dwelling,25
Havering,Criminal Damage,Other Criminal Damage,35
Havering,Drugs,Drug Trafficking,6
Havering,Drugs,Other Drug Offences,0
Havering,Drugs,Possession Of Drugs,35
Havering,Fraud or Forgery,Other Fraud & Forgery,3
Havering,Other Notifiable Offences,Going Equipped,0
Havering,Other Notifiable Offences,Other Notifiable,41
Havering,Robbery,Business Property,0
Havering,Robbery,Personal Property,34
Havering,Sexual Offences,Other Sexual,30
Havering,Sexual Offences,Rape,16
Havering,Theft and Handling,Handling Stolen Goods,2
Havering,Theft and Handling,M/V Interference & Tampering,26
Havering,Theft and Handling,Other Theft,187
Havering,Theft and Handling,Theft From M/V,78
Havering,Theft and Handling,Theft From Shops,83
Havering,Theft and Handling,Theft Person,28
Havering,Theft and Handling,Theft/Taking of M/V,110
Havering,Theft and Handling,Theft/Taking of Pedal Cycles,14
Havering,Violence Against the Person,Assault with Injury,139
Havering,Violence Against the Person,Common Assault,147
Havering,Violence Against the Person,Harassment,242
Havering,Violence Against the Person,Murder,0
Havering,Violence Against the Person,Offensive Weapon,17
Havering,Violence Against the Person,Other Violence,31
Havering,Violence Against the Person,Wounding/GBH,46
Hillingdon,Burglary,Burglary - Business and Community,46
Hillingdon,Burglary,Burglary - Residential,118
Hillingdon,Criminal Damage,Arson,6
Hillingdon,Criminal Damage,Criminal Damage To M/V,79
Hillingdon,Criminal Damage,Criminal Damage To Other Bldg,11
Hillingdon,Criminal Damage,Criminal Damage To a Dwelling,40
Hillingdon,Criminal Damage,Other Criminal Damage,58
Hillingdon,Drugs,Drug Trafficking,0
Hillingdon,Drugs,Other Drug Offences,0
Hillingdon,Drugs,Possession Of Drugs,58
Hillingdon,Fraud or Forgery,Other Fraud & Forgery,2
Hillingdon,Other Notifiable Offences,Going Equipped,3
Hillingdon,Other Notifiable Offences,Other Notifiable,42
Hillingdon,Robbery,Business Property,3
Hillingdon,Robbery,Personal Property,42
Hillingdon,Sexual Offences,Other Sexual,33
Hillingdon,Sexual Offences,Rape,20
Hillingdon,Theft and Handling,Handling Stolen Goods,1
Hillingdon,Theft and Handling,M/V Interference & Tampering,62
Hillingdon,Theft and Handling,Other Theft,225
Hillingdon,Theft and Handling,Theft From M/V,239
Hillingdon,Theft and Handling,Theft From Shops,132
Hillingdon,Theft and Handling,Theft Person,35
Hillingdon,Theft and Handling,Theft/Taking of M/V,74
Hillingdon,Theft and Handling,Theft/Taking of Pedal Cycles,32
Hillingdon,Violence Against the Person,Assault with Injury,155
Hillingdon,Violence Against the Person,Common Assault,179
Hillingdon,Violence Against the Person,Harassment,283
Hillingdon,Violence Against the Person,Murder,0
Hillingdon,Violence Against the Person,Offensive Weapon,20
Hillingdon,Violence Against the Person,Other Violence,52
Hillingdon,Violence Against the Person,Wounding/GBH,92
Hounslow,Burglary,Burglary - Business and Community,58
Hounslow,Burglary,Burglary - Residential,143
Hounslow,Criminal Damage,Arson,11
Hounslow,Criminal Damage,Criminal Damage To M/V,82
Hounslow,Criminal Damage,Criminal Damage To Other Bldg,13
Hounslow,Criminal Damage,Criminal Damage To a Dwelling,33
Hounslow,Criminal Damage,Other Criminal Damage,53
Hounslow,Drugs,Drug Trafficking,5
Hounslow,Drugs,Other Drug Offences,3
Hounslow,Drugs,Possession Of Drugs,94
Hounslow,Fraud or Forgery,Other Fraud & Forgery,7
Hounslow,Other Notifiable Offences,Going Equipped,0
Hounslow,Other Notifiable Offences,Other Notifiable,59
Hounslow,Robbery,Business Property,7
Hounslow,Robbery,Personal Property,57
Hounslow,Sexual Offences,Other Sexual,38
Hounslow,Sexual Offences,Rape,35
Hounslow,Theft and Handling,Handling Stolen Goods,1
Hounslow,Theft and Handling,M/V Interference & Tampering,32
Hounslow,Theft and Handling,Other Theft,226
Hounslow,Theft and Handling,Theft From M/V,182
Hounslow,Theft and Handling,Theft From Shops,90
Hounslow,Theft and Handling,Theft Person,56
Hounslow,Theft and Handling,Theft/Taking of M/V,50
Hounslow,Theft and Handling,Theft/Taking of Pedal Cycles,96
Hounslow,Violence Against the Person,Assault with Injury,164
Hounslow,Violence Against the Person,Common Assault,241
Hounslow,Violence Against the Person,Harassment,299
Hounslow,Violence Against the Person,Murder,0
Hounslow,Violence Against the Person,Offensive Weapon,20
Hounslow,Violence Against the Person,Other Violence,32
Hounslow,Violence Against the Person,Wounding/GBH,70
Islington,Burglary,Burglary - Business and Community,80
Islington,Burglary,Burglary - Residential,186
Islington,Criminal Damage,Arson,3
Islington,Criminal Damage,Criminal Damage To M/V,38
Islington,Criminal Damage,Criminal Damage To Other Bldg,15
Islington,Criminal Damage,Criminal Damage To a Dwelling,39
Islington,Criminal Damage,Other Criminal Damage,38
Islington,Drugs,Drug Trafficking,4
Islington,Drugs,Other Drug Offences,1
Islington,Drugs,Possession Of Drugs,83
Islington,Fraud or Forgery,Other Fraud & Forgery,4
Islington,Other Notifiable Offences,Going Equipped,1
Islington,Other Notifiable Offences,Other Notifiable,51
Islington,Robbery,Business Property,8
Islington,Robbery,Personal Property,126
Islington,Sexual Offences,Other Sexual,31
Islington,Sexual Offences,Rape,16
Islington,Theft and Handling,Handling Stolen Goods,5
Islington,Theft and Handling,M/V Interference & Tampering,33
Islington,Theft and Handling,Other Theft,363
Islington,Theft and Handling,Theft From M/V,177
Islington,Theft and Handling,Theft From Shops,120
Islington,Theft and Handling,Theft Person,228
Islington,Theft and Handling,Theft/Taking of M/V,79
Islington,Theft and Handling,Theft/Taking of Pedal Cycles,142
Islington,Violence Against the Person,Assault with Injury,164
Islington,Violence Against the Person,Common Assault,210
Islington,Violence Against the Person,Harassment,296
Islington,Violence Against the Person,Murder,0
Islington,Violence Against the Person,Offensive Weapon,26
Islington,Violence Against the Person,Other Violence,26
Islington,Violence Against the Person,Wounding/GBH,94
Kensington and Chelsea,Burglary,Burglary - Business and Community,59
Kensington and Chelsea,Burglary,Burglary - Residential,108
Kensington and Chelsea,Criminal Damage,Arson,5
Kensington and Chelsea,Criminal Damage,Criminal Damage To M/V,35
Kensington and Chelsea,Criminal Damage,Criminal Damage To Other Bldg,12
Kensington and Chelsea,Criminal Damage,Criminal Damage To a Dwelling,21
Kensington and Chelsea,Criminal Damage,Other Criminal Damage,21
Kensington and Chelsea,Drugs,Drug Trafficking,3
Kensington and Chelsea,Drugs,Other Drug Offences,0
Kensington and Chelsea,Drugs,Possession Of Drugs,84
Kensington and Chelsea,Fraud or Forgery,Other Fraud & Forgery,4
Kensington and Chelsea,Other Notifiable Offences,Going Equipped,0
Kensington and Chelsea,Other Notifiable Offences,Other Notifiable,53
Kensington and Chelsea,Robbery,Business Property,5
Kensington and Chelsea,Robbery,Personal Property,78
Kensington and Chelsea,Sexual Offences,Other Sexual,29
Kensington and Chelsea,Sexual Offences,Rape,14
Kensington and Chelsea,Theft and Handling,Handling Stolen Goods,6
Kensington and Chelsea,Theft and Handling,M/V Interference & Tampering,19
Kensington and Chelsea,Theft and Handling,Other Theft,318
Kensington and Chelsea,Theft and Handling,Theft From M/V,151
Kensington and Chelsea,Theft and Handling,Theft From Shops,134
Kensington and Chelsea,Theft and Handling,Theft Person,132
Kensington and Chelsea,Theft and Handling,Theft/Taking of M/V,40
Kensington and Chelsea,Theft and Handling,Theft/Taking of Pedal Cycles,81
Kensington and Chelsea,Violence Against the Person,Assault with Injury,81
Kensington and Chelsea,Violence Against the Person,Common Assault,153
Kensington and Chelsea,Violence Against the Person,Harassment,198
Kensington and Chelsea,Violence Against the Person,Murder,0
Kensington and Chelsea,Violence Against the Person,Offensive Weapon,13
Kensington and Chelsea,Violence Against the Person,Other Violence,12
Kensington and Chelsea,Violence Against the Person,Wounding/GBH,45
Kingston upon Thames,Burglary,Burglary - Business and Community,8
Kingston upon Thames,Burglary,Burglary - Residential,53
Kingston upon Thames,Criminal Damage,Arson,4
Kingston upon Thames,Criminal Damage,Criminal Damage To M/V,41
Kingston upon Thames,Criminal Damage,Criminal Damage To Other Bldg,8
Kingston upon Thames,Criminal Damage,Criminal Damage To a Dwelling,16
Kingston upon Thames,Criminal Damage,Other Criminal Damage,26
Kingston upon Thames,Drugs,Drug Trafficking,1
Kingston upon Thames,Drugs,Other Drug Offences,0
Kingston upon Thames,Drugs,Possession Of Drugs,34
Kingston upon Thames,Fraud or Forgery,Other Fraud & Forgery,2
Kingston upon Thames,Other Notifiable Offences,Going Equipped,0
Kingston upon Thames,Other Notifiable Offences,Other Notifiable,25
Kingston upon Thames,Robbery,Business Property,5
Kingston upon Thames,Robbery,Personal Property,18
Kingston upon Thames,Sexual Offences,Other Sexual,24
Kingston upon Thames,Sexual Offences,Rape,16
Kingston upon Thames,Theft and Handling,Handling Stolen Goods,0
Kingston upon Thames,Theft and Handling,M/V Interference & Tampering,17
Kingston upon Thames,Theft and Handling,Other Theft,131
Kingston upon Thames,Theft and Handling,Theft From M/V,59
Kingston upon Thames,Theft and Handling,Theft From Shops,72
Kingston upon Thames,Theft and Handling,Theft Person,36
Kingston upon Thames,Theft and Handling,Theft/Taking of M/V,27
Kingston upon Thames,Theft and Handling,Theft/Taking of Pedal Cycles,103
Kingston upon Thames,Violence Against the Person,Assault with Injury,90
Kingston upon Thames,Violence Against the Person,Common Assault,89
Kingston upon Thames,Violence Against the Person,Harassment,155
Kingston upon Thames,Violence Against the Person,Murder,0
Kingston upon Thames,Violence Against the Person,Offensive Weapon,1
Kingston upon Thames,Violence Against the Person,Other Violence,13
Kingston upon Thames,Violence Against the Person,Wounding/GBH,25
Lambeth,Burglary,Burglary - Business and Community,57
Lambeth,Burglary,Burglary - Residential,223
Lambeth,Criminal Damage,Arson,10
Lambeth,Criminal Damage,Criminal Damage To M/V,87
Lambeth,Criminal Damage,Criminal Damage To Other Bldg,30
Lambeth,Criminal Damage,Criminal Damage To a Dwelling,58
Lambeth,Criminal Damage,Other Criminal Damage,60
Lambeth,Drugs,Drug Trafficking,27
Lambeth,Drugs,Other Drug Offences,1
Lambeth,Drugs,Possession Of Drugs,135
Lambeth,Fraud or Forgery,Counted per Victim,1
Lambeth,Fraud or Forgery,Other Fraud & Forgery,1
Lambeth,Other Notifiable Offences,Going Equipped,1
Lambeth,Other Notifiable Offences,Other Notifiable,80
Lambeth,Robbery,Business Property,7
Lambeth,Robbery,Personal Property,121
Lambeth,Sexual Offences,Other Sexual,66
Lambeth,Sexual Offences,Rape,46
Lambeth,Theft and Handling,Handling Stolen Goods,8
Lambeth,Theft and Handling,M/V Interference & Tampering,67
Lambeth,Theft and Handling,Other Theft,442
Lambeth,Theft and Handling,Theft From M/V,184
Lambeth,Theft and Handling,Theft From Shops,109
Lambeth,Theft and Handling,Theft Person,171
Lambeth,Theft and Handling,Theft/Taking of M/V,94
Lambeth,Theft and Handling,Theft/Taking of Pedal Cycles,125
Lambeth,Violence Against the Person,Assault with Injury,240
Lambeth,Violence Against the Person,Common Assault,316
Lambeth,Violence Against the Person,Harassment,331
Lambeth,Violence Against the Person,Murder,1
Lambeth,Violence Against the Person,Offensive Weapon,34
Lambeth,Violence Against the Person,Other Violence,78
Lambeth,Violence Against the Person,Wounding/GBH,115
Lewisham,Burglary,Burglary - Business and Community,47
Lewisham,Burglary,Burglary - Residential,156
Lewisham,Criminal Damage,Arson,11
Lewisham,Criminal Damage,Criminal Damage To M/V,86
Lewisham,Criminal Damage,Criminal Damage To Other Bldg,10
Lewisham,Criminal Damage,Criminal Damage To a Dwelling,46
Lewisham,Criminal Damage,Other Criminal Damage,57
Lewisham,Drugs,Drug Trafficking,6
Lewisham,Drugs,Other Drug Offences,0
Lewisham,Drugs,Possession Of Drugs,85
Lewisham,Fraud or Forgery,Other Fraud & Forgery,3
Lewisham,Other Notifiable Offences,Going Equipped,1
Lewisham,Other Notifiable Offences,Other Notifiable,48
Lewisham,Robbery,Business Property,5
Lewisham,Robbery,Personal Property,77
Lewisham,Sexual Offences,Other Sexual,41
Lewisham,Sexual Offences,Rape,29
Lewisham,Theft and Handling,Handling Stolen Goods,6
Lewisham,Theft and Handling,M/V Interference & Tampering,49
Lewisham,Theft and Handling,Other Theft,236
Lewisham,Theft and Handling,Theft From M/V,175
Lewisham,Theft and Handling,Theft From Shops,113
Lewisham,Theft and Handling,Theft Person,39
Lewisham,Theft and Handling,Theft/Taking of M/V,86
Lewisham,Theft and Handling,Theft/Taking of Pedal Cycles,32
Lewisham,Violence Against the Person,Assault with Injury,199
Lewisham,Violence Against the Person,Common Assault,240
Lewisham,Violence Against the Person,Harassment,304
Lewisham,Violence Against the Person,Murder,0
Lewisham,Violence Against the Person,Offensive Weapon,22
Lewisham,Violence Against the Person,Other Violence,25
Lewisham,Violence Against the Person,Wounding/GBH,89
London Heathrow and London City Airports,Burglary,Burglary - Business and Community,0
London Heathrow and London City Airports,Criminal Damage,Arson,0
London Heathrow and London City Airports,Criminal Damage,Criminal Damage To M/V,2
London Heathrow and London City Airports,Criminal Damage,Criminal Damage To Other Bldg,1
London Heathrow and London City Airports,Criminal Damage,Other Criminal Damage,2
London Heathrow and London City Airports,Drugs,Drug Trafficking,1
London Heathrow and London City Airports,Drugs,Possession Of Drugs,5
London Heathrow and London City Airports,Fraud or Forgery,Other Fraud & Forgery,2
London Heathrow and London City Airports,Other Notifiable Offences,Going Equipped,0
London Heathrow and London City Airports,Other Notifiable Offences,Other Notifiable,126
London Heathrow and London City Airports,Robbery,Business Property,0
London Heathrow and London City Airports,Robbery,Personal Property,0
London Heathrow and London City Airports,Sexual Offences,Other Sexual,5
London Heathrow and London City Airports,Sexual Offences,Rape,0
London Heathrow and London City Airports,Theft and Handling,Handling Stolen Goods,0
London Heathrow and London City Airports,Theft and Handling,M/V Interference & Tampering,0
London Heathrow and London City Airports,Theft and Handling,Other Theft,92
London Heathrow and London City Airports,Theft and Handling,Theft From M/V,2
London Heathrow and London City Airports,Theft and Handling,Theft From Shops,20
London Heathrow and London City Airports,Theft and Handling,Theft Person,4
London Heathrow and London City Airports,Theft and Handling,Theft/Taking of M/V,7
London Heathrow and London City Airports,Theft and Handling,Theft/Taking of Pedal Cycles,5
London Heathrow and London City Airports,Violence Against the Person,Assault with Injury,3
London Heathrow and London City Airports,Violence Against the Person,Common Assault,18
London Heathrow and London City Airports,Violence Against the Person,Harassment,13
London Heathrow and London City Airports,Violence Against the Person,Offensive Weapon,4
London Heathrow and London City Airports,Violence Against the Person,Other Violence,0
London Heathrow and London City Airports,Violence Against the Person,Wounding/GBH,1
Merton,Burglary,Burglary - Business and Community,15
Merton,Burglary,Burglary - Residential,102
Merton,Criminal Damage,Arson,5
Merton,Criminal Damage,Criminal Damage To M/V,22
Merton,Criminal Damage,Criminal Damage To Other Bldg,7
Merton,Criminal Damage,Criminal Damage To a Dwelling,25
Merton,Criminal Damage,Other Criminal Damage,29
Merton,Drugs,Drug Trafficking,2
Merton,Drugs,Other Drug Offences,0
Merton,Drugs,Possession Of Drugs,31
Merton,Fraud or Forgery,Other Fraud & Forgery,2
Merton,Other Notifiable Offences,Going Equipped,1
Merton,Other Notifiable Offences,Other Notifiable,27
Merton,Robbery,Business Property,3
Merton,Robbery,Personal Property,36
Merton,Sexual Offences,Other Sexual,33
Merton,Sexual Offences,Rape,11
Merton,Theft and Handling,Handling Stolen Goods,1
Merton,Theft and Handling,M/V Interference & Tampering,11
Merton,Theft and Handling,Other Theft,103
Merton,Theft and Handling,Theft From M/V,57
Merton,Theft and Handling,Theft From Shops,64
Merton,Theft and Handling,Theft Person,28
Merton,Theft and Handling,Theft/Taking of M/V,34
Merton,Theft and Handling,Theft/Taking of Pedal Cycles,26
Merton,Violence Against the Person,Assault with Injury,115
Merton,Violence Against the Person,Common Assault,125
Merton,Violence Against the Person,Harassment,181
Merton,Violence Against the Person,Murder,0
Merton,Violence Against the Person,Offensive Weapon,6
Merton,Violence Against the Person,Other Violence,18
Merton,Violence Against the Person,Wounding/GBH,43
Newham,Burglary,Burglary - Business and Community,68
Newham,Burglary,Burglary - Residential,139
Newham,Criminal Damage,Arson,3
Newham,Criminal Damage,Criminal Damage To M/V,74
Newham,Criminal Damage,Criminal Damage To Other Bldg,22
Newham,Criminal Damage,Criminal Damage To a Dwelling,47
Newham,Criminal Damage,Other Criminal Damage,56
Newham,Drugs,Drug Trafficking,2
Newham,Drugs,Other Drug Offences,0
Newham,Drugs,Possession Of Drugs,137
Newham,Fraud or Forgery,Other Fraud & Forgery,7
Newham,Other Notifiable Offences,Going Equipped,0
Newham,Other Notifiable Offences,Other Notifiable,58
Newham,Robbery,Business Property,14
Newham,Robbery,Personal Property,127
Newham,Sexual Offences,Other Sexual,52
Newham,Sexual Offences,Rape,38
Newham,Theft and Handling,Handling Stolen Goods,6
Newham,Theft and Handling,M/V Interference & Tampering,32
Newham,Theft and Handling,Other Theft,412
Newham,Theft and Handling,Theft From M/V,263
Newham,Theft and Handling,Theft From Shops,205
Newham,Theft and Handling,Theft Person,158
Newham,Theft and Handling,Theft/Taking of M/V,112
Newham,Theft and Handling,Theft/Taking of Pedal Cycles,62
Newham,Violence Against the Person,Assault with Injury,222
Newham,Violence Against the Person,Common Assault,333
Newham,Violence Against the Person,Harassment,282
Newham,Violence Against the Person,Murder,0
Newham,Violence Against the Person,Offensive Weapon,21
Newham,Violence Against the Person,Other Violence,62
Newham,Violence Against the Person,Wounding/GBH,102
Redbridge,Burglary,Burglary - Business and Community,44
Redbridge,Burglary,Burglary - Residential,132
Redbridge,Criminal Damage,Arson,7
Redbridge,Criminal Damage,Criminal Damage To M/V,51
Redbridge,Criminal Damage,Criminal Damage To Other Bldg,7
Redbridge,Criminal Damage,Criminal Damage To a Dwelling,28
Redbridge,Criminal Damage,Other Criminal Damage,40
Redbridge,Drugs,Drug Trafficking,5
Redbridge,Drugs,Other Drug Offences,0
Redbridge,Drugs,Possession Of Drugs,34
Redbridge,Fraud or Forgery,Other Fraud & Forgery,2
Redbridge,Other Notifiable Offences,Going Equipped,0
Redbridge,Other Notifiable Offences,Other Notifiable,29
Redbridge,Robbery,Business Property,5
Redbridge,Robbery,Personal Property,110
Redbridge,Sexual Offences,Other Sexual,29
Redbridge,Sexual Offences,Rape,20
Redbridge,Theft and Handling,Handling Stolen Goods,3
Redbridge,Theft and Handling,M/V Interference & Tampering,35
Redbridge,Theft and Handling,Other Theft,247
Redbridge,Theft and Handling,Theft From M/V,159
Redbridge,Theft and Handling,Theft From Shops,98
Redbridge,Theft and Handling,Theft Person,109
Redbridge,Theft and Handling,Theft/Taking of M/V,128
Redbridge,Theft and Handling,Theft/Taking of Pedal Cycles,19
Redbridge,Violence Against the Person,Assault with Injury,158
Redbridge,Violence Against the Person,Common Assault,203
Redbridge,Violence Against the Person,Harassment,257
Redbridge,Violence Against the Person,Murder,0
Redbridge,Violence Against the Person,Offensive Weapon,15
Redbridge,Violence Against the Person,Other Violence,29
Redbridge,Violence Against the Person,Wounding/GBH,62
Richmond upon Thames,Burglary,Burglary - Business and Community,40
Richmond upon Thames,Burglary,Burglary - Residential,77
Richmond upon Thames,Criminal Damage,Arson,4
Richmond upon Thames,Criminal Damage,Criminal Damage To M/V,46
Richmond upon Thames,Criminal Damage,Criminal Damage To Other Bldg,13
Richmond upon Thames,Criminal Damage,Criminal Damage To a Dwelling,13
Richmond upon Thames,Criminal Damage,Other Criminal Damage,34
Richmond upon Thames,Drugs,Drug Trafficking,1
Richmond upon Thames,Drugs,Other Drug Offences,0
Richmond upon Thames,Drugs,Possession Of Drugs,19
Richmond upon Thames,Fraud or Forgery,Other Fraud & Forgery,0
Richmond upon Thames,Other Notifiable Offences,Going Equipped,0
Richmond upon Thames,Other Notifiable Offences,Other Notifiable,35
Richmond upon Thames,Robbery,Business Property,0
Richmond upon Thames,Robbery,Personal Property,48
Richmond upon Thames,Sexual Offences,Other Sexual,18
Richmond upon Thames,Sexual Offences,Rape,6
Richmond upon Thames,Theft and Handling,Handling Stolen Goods,0
Richmond upon Thames,Theft and Handling,M/V Interference & Tampering,22
Richmond upon Thames,Theft and Handling,Other Theft,120
Richmond upon Thames,Theft and Handling,Theft From M/V,106
Richmond upon Thames,Theft and Handling,Theft From Shops,52
Richmond upon Thames,Theft and Handling,Theft Person,18
Richmond upon Thames,Theft and Handling,Theft/Taking of M/V,27
Richmond upon Thames,Theft and Handling,Theft/Taking of Pedal Cycles,94
Richmond upon Thames,Violence Against the Person,Assault with Injury,73
Richmond upon Thames,Violence Against the Person,Common Assault,110
Richmond upon Thames,Violence Against the Person,Harassment,179
Richmond upon Thames,Violence Against the Person,Murder,0
Richmond upon Thames,Violence Against the Person,Offensive Weapon,10
Richmond upon Thames,Violence Against the Person,Other Violence,12
Richmond upon Thames,Violence Against the Person,Wounding/GBH,36
Southwark,Burglary,Burglary - Business and Community,84
Southwark,Burglary,Burglary - Residential,150
Southwark,Criminal Damage,Arson,9
Southwark,Criminal Damage,Criminal Damage To M/V,60
Southwark,Criminal Damage,Criminal Damage To Other Bldg,22
Southwark,Criminal Damage,Criminal Damage To a Dwelling,64
Southwark,Criminal Damage,Other Criminal Damage,54
Southwark,Drugs,Drug Trafficking,8
Southwark,Drugs,Other Drug Offences,0
Southwark,Drugs,Possession Of Drugs,126
Southwark,Fraud or Forgery,Other Fraud & Forgery,3
Southwark,Other Notifiable Offences,Going Equipped,0
Southwark,Other Notifiable Offences,Other Notifiable,57
Southwark,Robbery,Business Property,7
Southwark,Robbery,Personal Property,117
Southwark,Sexual Offences,Other Sexual,65
Southwark,Sexual Offences,Rape,32
Southwark,Theft and Handling,Handling Stolen Goods,1
Southwark,Theft and Handling,M/V Interference & Tampering,47
Southwark,Theft and Handling,Other Theft,517
Southwark,Theft and Handling,Theft From M/V,204
Southwark,Theft and Handling,Theft From Shops,145
Southwark,Theft and Handling,Theft Person,167
Southwark,Theft and Handling,Theft/Taking of M/V,113
Southwark,Theft and Handling,Theft/Taking of Pedal Cycles,156
Southwark,Violence Against the Person,Assault with Injury,207
Southwark,Violence Against the Person,Common Assault,288
Southwark,Violence Against the Person,Harassment,401
Southwark,Violence Against the Person,Murder,2
Southwark,Violence Against the Person,Offensive Weapon,37
Southwark,Violence Against the Person,Other Violence,64
Southwark,Violence Against the Person,Wounding/GBH,122
Sutton,Burglary,Burglary - Business and Community,12
Sutton,Burglary,Burglary - Residential,66
Sutton,Criminal Damage,Arson,12
Sutton,Criminal Damage,Criminal Damage To M/V,49
Sutton,Criminal Damage,Criminal Damage To Other Bldg,6
Sutton,Criminal Damage,Criminal Damage To a Dwelling,30
Sutton,Criminal Damage,Other Criminal Damage,33
Sutton,Drugs,Drug Trafficking,1
Sutton,Drugs,Other Drug Offences,0
Sutton,Drugs,Possession Of Drugs,22
Sutton,Fraud or Forgery,Other Fraud & Forgery,3
Sutton,Other Notifiable Offences,Going Equipped,0
Sutton,Other Notifiable Offences,Other Notifiable,23
Sutton,Robbery,Business Property,2
Sutton,Robbery,Personal Property,20
Sutton,Sexual Offences,Other Sexual,24
Sutton,Sexual Offences,Rape,17
Sutton,Theft and Handling,Handling Stolen Goods,1
Sutton,Theft and Handling,M/V Interference & Tampering,16
Sutton,Theft and Handling,Other Theft,123
Sutton,Theft and Handling,Theft From M/V,70
Sutton,Theft and Handling,Theft From Shops,70
Sutton,Theft and Handling,Theft Person,20
Sutton,Theft and Handling,Theft/Taking of M/V,25
Sutton,Theft and Handling,Theft/Taking of Pedal Cycles,13
Sutton,Violence Against the Person,Assault with Injury,96
Sutton,Violence Against the Person,Common Assault,92
Sutton,Violence Against the Person,Harassment,160
Sutton,Violence Against the Person,Murder,0
Sutton,Violence Against the Person,Offensive Weapon,14
Sutton,Violence Against the Person,Other Violence,12
Sutton,Violence Against the Person,Wounding/GBH,51
Tower Hamlets,Burglary,Burglary - Business and Community,94
Tower Hamlets,Burglary,Burglary - Residential,161
Tower Hamlets,Criminal Damage,Arson,11
Tower Hamlets,Criminal Damage,Criminal Damage To M/V,92
Tower Hamlets,Criminal Damage,Criminal Damage To Other Bldg,18
Tower Hamlets,Criminal Damage,Criminal Damage To a Dwelling,41
Tower Hamlets,Criminal Damage,Other Criminal Damage,53
Tower Hamlets,Drugs,Drug Trafficking,7
Tower Hamlets,Drugs,Other Drug Offences,3
Tower Hamlets,Drugs,Possession Of Drugs,142
Tower Hamlets,Fraud or Forgery,Other Fraud & Forgery,9
Tower Hamlets,Other Notifiable Offences,Going Equipped,3
Tower Hamlets,Other Notifiable Offences,Other Notifiable,81
Tower Hamlets,Robbery,Business Property,3
Tower Hamlets,Robbery,Personal Property,136
Tower Hamlets,Sexual Offences,Other Sexual,45
Tower Hamlets,Sexual Offences,Rape,29
Tower Hamlets,Theft and Handling,Handling Stolen Goods,0
Tower Hamlets,Theft and Handling,M/V Interference & Tampering,39
Tower Hamlets,Theft and Handling,Other Theft,384
Tower Hamlets,Theft and Handling,Theft From M/V,196
Tower Hamlets,Theft and Handling,Theft From Shops,81
Tower Hamlets,Theft and Handling,Theft Person,145
Tower Hamlets,Theft and Handling,Theft/Taking of M/V,112
Tower Hamlets,Theft and Handling,Theft/Taking of Pedal Cycles,189
Tower Hamlets,Violence Against the Person,Assault with Injury,168
Tower Hamlets,Violence Against the Person,Common Assault,317
Tower Hamlets,Violence Against the Person,Harassment,381
Tower Hamlets,Violence Against the Person,Murder,0
Tower Hamlets,Violence Against the Person,Offensive Weapon,30
Tower Hamlets,Violence Against the Person,Other Violence,36
Tower Hamlets,Violence Against the Person,Wounding/GBH,98
Waltham Forest,Burglary,Burglary - Business and Community,47
Waltham Forest,Burglary,Burglary - Residential,124
Waltham Forest,Criminal Damage,Arson,8
Waltham Forest,Criminal Damage,Criminal Damage To M/V,41
Waltham Forest,Criminal Damage,Criminal Damage To Other Bldg,15
Waltham Forest,Criminal Damage,Criminal Damage To a Dwelling,33
Waltham Forest,Criminal Damage,Other Criminal Damage,41
Waltham Forest,Drugs,Drug Trafficking,7
Waltham Forest,Drugs,Other Drug Offences,0
Waltham Forest,Drugs,Possession Of Drugs,77
Waltham Forest,Fraud or Forgery,Other Fraud & Forgery,2
Waltham Forest,Other Notifiable Offences,Going Equipped,0
Waltham Forest,Other Notifiable Offences,Other Notifiable,39
Waltham Forest,Robbery,Business Property,8
Waltham Forest,Robbery,Personal Property,91
Waltham Forest,Sexual Offences,Other Sexual,21
Waltham Forest,Sexual Offences,Rape,16
Waltham Forest,Theft and Handling,Handling Stolen Goods,2
Waltham Forest,Theft and Handling,M/V Interference & Tampering,40
Waltham Forest,Theft and Handling,Other Theft,226
Waltham Forest,Theft and Handling,Theft From M/V,192
Waltham Forest,Theft and Handling,Theft From Shops,71
Waltham Forest,Theft and Handling,Theft Person,79
Waltham Forest,Theft and Handling,Theft/Taking of M/V,89
Waltham Forest,Theft and Handling,Theft/Taking of Pedal Cycles,50
Waltham Forest,Violence Against the Person,Assault with Injury,122
Waltham Forest,Violence Against the Person,Common Assault,183
Waltham Forest,Violence Against the Person,Harassment,247
Waltham Forest,Violence Against the Person,Murder,1
Waltham Forest,Violence Against the Person,Offensive Weapon,15
Waltham Forest,Violence Against the Person,Other Violence,39
Waltham Forest,Violence Against the Person,Wounding/GBH,86
Wandsworth,Burglary,Burglary - Business and Community,45
Wandsworth,Burglary,Burglary - Residential,182
Wandsworth,Criminal Damage,Arson,8
Wandsworth,Criminal Damage,Criminal Damage To M/V,57
Wandsworth,Criminal Damage,Criminal Damage To Other Bldg,14
Wandsworth,Criminal Damage,Criminal Damage To a Dwelling,24
Wandsworth,Criminal Damage,Other Criminal Damage,47
Wandsworth,Drugs,Drug Trafficking,5
Wandsworth,Drugs,Other Drug Offences,0
Wandsworth,Drugs,Possession Of Drugs,46
Wandsworth,Fraud or Forgery,Other Fraud & Forgery,2
Wandsworth,Other Notifiable Offences,Going Equipped,0
Wandsworth,Other Notifiable Offences,Other Notifiable,69
Wandsworth,Robbery,Business Property,6
Wandsworth,Robbery,Personal Property,97
Wandsworth,Sexual Offences,Other Sexual,54
Wandsworth,Sexual Offences,Rape,26
Wandsworth,Theft and Handling,Handling Stolen Goods,1
Wandsworth,Theft and Handling,M/V Interference & Tampering,46
Wandsworth,Theft and Handling,Other Theft,282
Wandsworth,Theft and Handling,Theft From M/V,174
Wandsworth,Theft and Handling,Theft From Shops,112
Wandsworth,Theft and Handling,Theft Person,83
Wandsworth,Theft and Handling,Theft/Taking of M/V,107
Wandsworth,Theft and Handling,Theft/Taking of Pedal Cycles,111
Wandsworth,Violence Against the Person,Assault with Injury,168
Wandsworth,Violence Against the Person,Common Assault,266
Wandsworth,Violence Against the Person,Harassment,321
Wandsworth,Violence Against the Person,Murder,0
Wandsworth,Violence Against the Person,Offensive Weapon,18
Wandsworth,Violence Against the Person,Other Violence,30
Wandsworth,Violence Against the Person,Wounding/GBH,67
Westminster,Burglary,Burglary - Business and Community,260
Westminster,Burglary,Burglary - Residential,157
Westminster,Criminal Damage,Arson,4
Westminster,Criminal Damage,Criminal Damage To M/V,73
Westminster,Criminal Damage,Criminal Damage To Other Bldg,34
Westminster,Criminal Damage,Criminal Damage To a Dwelling,33
Westminster,Criminal Damage,Other Criminal Damage,60
Westminster,Drugs,Drug Trafficking,6
Westminster,Drugs,Other Drug Offences,1
Westminster,Drugs,Possession Of Drugs,97
Westminster,Fraud or Forgery,Other Fraud & Forgery,2
Westminster,Other Notifiable Offences,Going Equipped,3
Westminster,Other Notifiable Offences,Other Notifiable,89
Westminster,Robbery,Business Property,6
Westminster,Robbery,Personal Property,282
Westminster,Sexual Offences,Other Sexual,70
Westminster,Sexual Offences,Rape,52
Westminster,Theft and Handling,Handling Stolen Goods,2
Westminster,Theft and Handling,M/V Interference & Tampering,36
Westminster,Theft and Handling,Other Theft,1349
Westminster,Theft and Handling,Theft From M/V,242
Westminster,Theft and Handling,Theft From Shops,299
Westminster,Theft and Handling,Theft Person,957
Westminster,Theft and Handling,Theft/Taking of M/V,67
Westminster,Theft and Handling,Theft/Taking of Pedal Cycles,152
Westminster,Violence Against the Person,Assault with Injury,210
Westminster,Violence Against the Person,Common Assault,375
Westminster,Violence Against the Person,Harassment,451
Westminster,Violence Against the Person,Murder,0
Westminster,Violence Against the Person,Offensive Weapon,34
Westminster,Violence Against the Person,Other Violence,78
Westminster,Violence Against the Person,Wounding/GBH,129
